{
    "rmse": 0.5516385703020602,
    "mae": 0.5446091289540714,
    "details": {
        "glioma_tumor": 0.4400708290127886,
        "meningioma_tumor": 0.538888441528643,
        "pituitary_tumor": 0.6548681163207828
    }
}